<?xml version="1.0" encoding="UTF-8"?>
<logging>
    <system>
        <name>Monitor</name>
        <ip>172.20.23.36</ip>
        <hostname>TV2451</hostname>
    </system>
    <!-- event-config file="conf/Event.xml"/ -->
    <!--
        level: off, fatal, error, warn, info, debug, trace 
     -->
    <logger name="CommonLogger" level="debug">
        <handler name="Console"/>
    </logger>
    <logger name="XdaoLogger" level="debug">
        <handler name="Console"/>
    </logger> 
    <logger name="Conn1Logger" level="debug">
        <handler name="Console"/>
    </logger>
    <logger name="NoLogger" level="off">
        <handler name="Console"/>
    </logger>     
    <!--
	    # Following is the variable list for pattern using
		# ${event.id}: map to "id" attribute of <Event>
		# ${event.description}: map to the <Description> of <Event>
		# ${event.level}: map to "level" attribute of <Event>
		# ${code}: map to "value" attribute of <Code>
		# ${code.instruction}: map to <Instruction> of <Code>
		# ${code.level}: map to "level" attribute of <Code>
		# ${code.msg}: map to <Msg> of <Code>
		# ${level}: The log level. depends on the method of logger.
		# ${cmd}: Depends on LogObject.setCommand()
		# ${host}: Depends on Logobject.setHostname(). It always maps to <hostname> setting
		# ${instruction}: Depends on LogObject.setInstruction(). It always maps to <Instruction> of <Code>
		# ${ip}: Depends on Logobject.setIP(). It always maps to IP setting
		# ${time}: log time
		# ${msg}: log message
		# ${object}: Depends on LogObject.setObjectName()
		# ${program}: Depends on LogObject.setProgramName()
		# ${system}: map to SYSTEM setting.
		# ${db.code}: Depends on LogObject.setDBCode()
		# ${os.code}: Depends on LogObject.setOSCode()
     -->
     <handler name="Log4J" class="com.tradevan.commons.logging.handler.Log4JHandler">
        <property name="config-file" value="classes/conf/log4j.xml"/>
        <property name="logger" value="A1"/>
     </handler>
     <handler name="Console" class="com.tradevan.commons.logging.handler.ConsoleHandler">
        <property name="pattern" value="${system}:[${level}] ${msg}"/>
     </handler>
</logging>